training_id,provider_id,carrier_id,assigned_date,completed_date,status
TRN-000001,PRV-0001,CAR-001,2026-02-25,2026-03-02,completed
TRN-000002,PRV-0001,CAR-010,2026-06-11,2026-06-30,completed
TRN-000003,PRV-0001,CAR-002,2025-11-22,,not_required
TRN-000004,PRV-0002,CAR-008,2026-01-09,2026-01-24,completed
TRN-000005,PRV-0003,CAR-004,2025-12-31,,pending
TRN-000006,PRV-0004,CAR-008,2026-01-12,2026-01-15,completed
TRN-000007,PRV-0005,CAR-004,2026-03-11,2026-03-24,completed
TRN-000008,PRV-0006,CAR-009,2026-08-14,2026-08-17,completed
TRN-000009,PRV-0007,CAR-008,2025-11-07,2025-11-16,completed
TRN-000010,PRV-0007,CAR-003,2026-04-24,2026-05-17,completed
TRN-000011,PRV-0007,CAR-009,2026-06-23,,pending
TRN-000012,PRV-0007,CAR-001,2026-04-13,,pending
TRN-000013,PRV-0008,CAR-008,2026-06-27,2026-07-03,completed
TRN-000014,PRV-0009,CAR-008,2026-05-22,,pending
TRN-000015,PRV-0010,CAR-005,2025-09-20,2025-09-25,completed
TRN-000016,PRV-0010,CAR-010,2026-01-02,,pending
TRN-000017,PRV-0010,CAR-004,2026-03-07,,pending
TRN-000018,PRV-0010,CAR-008,2025-09-06,2025-09-11,completed
TRN-000019,PRV-0011,CAR-006,2025-08-20,2025-09-02,completed
TRN-000020,PRV-0011,CAR-003,2025-10-18,2025-10-29,completed
TRN-000021,PRV-0012,CAR-004,2026-02-15,,pending
TRN-000022,PRV-0012,CAR-005,2026-01-22,2026-02-15,completed
TRN-000023,PRV-0013,CAR-010,2026-05-31,2026-06-24,completed
TRN-000024,PRV-0014,CAR-008,2026-03-12,2026-04-03,completed
TRN-000025,PRV-0014,CAR-003,2026-06-27,2026-07-18,completed
TRN-000026,PRV-0014,CAR-007,2025-09-20,,pending
TRN-000027,PRV-0014,CAR-005,2026-02-26,2026-03-06,completed
TRN-000028,PRV-0015,CAR-008,2025-09-01,2025-09-16,completed
TRN-000029,PRV-0015,CAR-007,2025-11-02,,pending
TRN-000030,PRV-0016,CAR-009,2026-06-30,2026-07-12,completed
TRN-000031,PRV-0016,CAR-001,2026-07-07,,pending
TRN-000032,PRV-0016,CAR-003,2026-02-07,2026-02-25,completed
TRN-000033,PRV-0017,CAR-002,2025-09-03,2025-09-07,completed
TRN-000034,PRV-0017,CAR-007,2025-09-13,,pending
TRN-000035,PRV-0017,CAR-001,2026-07-21,2026-08-08,completed
TRN-000036,PRV-0018,CAR-003,2026-07-12,,pending
TRN-000037,PRV-0019,CAR-005,2026-03-11,2026-03-25,completed
TRN-000038,PRV-0019,CAR-009,2025-08-29,,pending
TRN-000039,PRV-0019,CAR-007,2026-07-22,,not_required
TRN-000040,PRV-0019,CAR-003,2025-12-10,2025-12-24,completed
TRN-000041,PRV-0020,CAR-004,2026-08-03,2026-08-05,completed
TRN-000042,PRV-0020,CAR-008,2026-03-19,,not_required
TRN-000043,PRV-0021,CAR-005,2026-05-19,2026-06-12,completed
TRN-000044,PRV-0021,CAR-008,2026-05-04,2026-05-26,completed
TRN-000045,PRV-0021,CAR-010,2026-01-09,,pending
TRN-000046,PRV-0022,CAR-010,2025-09-14,2025-09-16,completed
TRN-000047,PRV-0023,CAR-005,2025-10-15,2025-10-17,completed
TRN-000048,PRV-0023,CAR-003,2025-11-13,2025-12-07,completed
TRN-000049,PRV-0023,CAR-002,2026-06-18,,pending
TRN-000050,PRV-0023,CAR-004,2026-01-06,2026-01-31,completed
TRN-000051,PRV-0024,CAR-007,2026-07-11,,pending
TRN-000052,PRV-0024,CAR-003,2025-12-16,,pending
TRN-000053,PRV-0025,CAR-005,2026-05-20,2026-06-03,completed
TRN-000054,PRV-0025,CAR-009,2025-10-07,2025-10-09,completed
TRN-000055,PRV-0026,CAR-002,2026-08-13,,pending
TRN-000056,PRV-0026,CAR-004,2026-05-09,2026-05-20,completed
TRN-000057,PRV-0027,CAR-007,2026-02-16,,pending
TRN-000058,PRV-0027,CAR-003,2026-08-08,2026-08-11,completed
TRN-000059,PRV-0027,CAR-009,2025-09-05,,not_required
TRN-000060,PRV-0028,CAR-008,2026-01-23,,pending
TRN-000061,PRV-0028,CAR-003,2026-06-19,2026-06-30,completed
TRN-000062,PRV-0029,CAR-004,2025-12-19,,pending
TRN-000063,PRV-0030,CAR-001,2026-05-25,2026-06-12,completed
TRN-000064,PRV-0031,CAR-004,2026-08-01,2026-08-05,completed
TRN-000065,PRV-0031,CAR-005,2026-01-09,,pending
TRN-000066,PRV-0031,CAR-007,2026-05-27,2026-06-13,completed
TRN-000067,PRV-0031,CAR-010,2025-08-27,,pending
TRN-000068,PRV-0032,CAR-002,2025-11-25,2025-12-08,completed
TRN-000069,PRV-0033,CAR-001,2026-08-15,,pending
TRN-000070,PRV-0034,CAR-007,2026-02-12,,pending
TRN-000071,PRV-0035,CAR-004,2025-12-25,,pending
TRN-000072,PRV-0035,CAR-003,2026-07-27,2026-08-11,completed
TRN-000073,PRV-0036,CAR-010,2026-01-22,2026-02-15,completed
TRN-000074,PRV-0036,CAR-001,2026-04-22,2026-05-10,completed
TRN-000075,PRV-0036,CAR-007,2026-04-15,,not_required
TRN-000076,PRV-0036,CAR-009,2025-09-17,,not_required
TRN-000077,PRV-0037,CAR-008,2026-03-31,2026-04-01,completed
TRN-000078,PRV-0037,CAR-005,2026-06-05,,not_required
TRN-000079,PRV-0037,CAR-007,2026-05-04,,pending
TRN-000080,PRV-0037,CAR-002,2025-09-16,,not_required
TRN-000081,PRV-0038,CAR-004,2025-10-12,2025-10-16,completed
TRN-000082,PRV-0038,CAR-010,2026-05-04,,pending
TRN-000083,PRV-0038,CAR-007,2026-04-06,2026-04-21,completed
TRN-000084,PRV-0039,CAR-002,2026-05-14,2026-05-17,completed
TRN-000085,PRV-0040,CAR-002,2025-12-10,,pending
TRN-000086,PRV-0040,CAR-009,2025-09-24,2025-09-29,completed
TRN-000087,PRV-0040,CAR-006,2025-08-18,,pending
TRN-000088,PRV-0041,CAR-003,2025-12-07,,pending
TRN-000089,PRV-0041,CAR-001,2025-12-26,,pending
TRN-000090,PRV-0041,CAR-004,2025-11-23,,pending
TRN-000091,PRV-0042,CAR-006,2025-10-04,2025-10-29,completed
TRN-000092,PRV-0043,CAR-005,2025-10-24,2025-11-08,completed
TRN-000093,PRV-0043,CAR-007,2026-01-28,2026-02-16,completed
TRN-000094,PRV-0044,CAR-005,2026-03-08,2026-03-13,completed
TRN-000095,PRV-0044,CAR-010,2026-01-13,,pending
TRN-000096,PRV-0044,CAR-007,2025-08-26,2025-09-13,completed
TRN-000097,PRV-0045,CAR-005,2025-12-24,,pending
TRN-000098,PRV-0045,CAR-001,2025-09-20,,pending
TRN-000099,PRV-0046,CAR-009,2026-03-23,2026-03-28,completed
TRN-000100,PRV-0047,CAR-009,2025-12-13,,pending
TRN-000101,PRV-0047,CAR-008,2026-01-04,,pending
TRN-000102,PRV-0048,CAR-003,2025-12-01,,not_required
TRN-000103,PRV-0049,CAR-003,2026-01-05,,pending
TRN-000104,PRV-0049,CAR-001,2025-09-17,2025-10-10,completed
TRN-000105,PRV-0049,CAR-006,2026-07-12,2026-07-17,completed
TRN-000106,PRV-0049,CAR-005,2026-07-14,2026-07-26,completed
TRN-000107,PRV-0050,CAR-007,2026-08-10,2026-08-18,completed
TRN-000108,PRV-0050,CAR-005,2026-03-14,2026-03-29,completed
TRN-000109,PRV-0051,CAR-001,2025-10-18,2025-10-24,completed
TRN-000110,PRV-0052,CAR-009,2026-01-03,,not_required
TRN-000111,PRV-0053,CAR-002,2025-10-06,,pending
TRN-000112,PRV-0053,CAR-009,2025-12-05,,not_required
TRN-000113,PRV-0053,CAR-010,2026-02-13,,pending
TRN-000114,PRV-0054,CAR-006,2025-09-09,,pending
TRN-000115,PRV-0054,CAR-001,2026-01-23,,pending
TRN-000116,PRV-0054,CAR-005,2026-01-18,2026-01-20,completed
TRN-000117,PRV-0055,CAR-008,2026-02-10,,pending
TRN-000118,PRV-0056,CAR-001,2025-09-14,2025-09-15,completed
TRN-000119,PRV-0056,CAR-005,2025-11-17,2025-11-22,completed
TRN-000120,PRV-0057,CAR-009,2025-11-15,2025-11-16,completed
TRN-000121,PRV-0057,CAR-003,2026-04-02,2026-04-26,completed
TRN-000122,PRV-0058,CAR-004,2026-03-22,,pending
TRN-000123,PRV-0058,CAR-003,2025-10-27,,not_required
TRN-000124,PRV-0059,CAR-002,2025-09-25,2025-10-04,completed
TRN-000125,PRV-0059,CAR-006,2025-12-06,,not_required
TRN-000126,PRV-0059,CAR-010,2026-07-30,,pending
TRN-000127,PRV-0059,CAR-008,2025-12-16,2026-01-09,completed
TRN-000128,PRV-0060,CAR-007,2026-03-31,,pending
TRN-000129,PRV-0060,CAR-006,2026-06-07,,pending
TRN-000130,PRV-0060,CAR-004,2025-12-15,,not_required
TRN-000131,PRV-0060,CAR-010,2025-12-17,2025-12-30,completed
TRN-000132,PRV-0061,CAR-005,2026-06-11,,pending
TRN-000133,PRV-0062,CAR-008,2026-06-27,,not_required
TRN-000134,PRV-0062,CAR-007,2026-08-08,,pending
TRN-000135,PRV-0063,CAR-007,2025-10-05,,pending
TRN-000136,PRV-0063,CAR-001,2025-12-12,2025-12-13,completed
TRN-000137,PRV-0063,CAR-002,2026-07-29,2026-08-22,completed
TRN-000138,PRV-0064,CAR-005,2025-10-29,,pending
TRN-000139,PRV-0064,CAR-008,2025-12-09,2025-12-21,completed
TRN-000140,PRV-0065,CAR-002,2026-08-05,2026-08-16,completed
TRN-000141,PRV-0065,CAR-008,2026-08-06,,pending
TRN-000142,PRV-0065,CAR-007,2025-12-01,,pending
TRN-000143,PRV-0065,CAR-005,2026-04-28,2026-05-13,completed
TRN-000144,PRV-0066,CAR-007,2026-02-12,,not_required
TRN-000145,PRV-0066,CAR-008,2026-03-15,2026-03-29,completed
TRN-000146,PRV-0067,CAR-006,2025-11-13,2025-11-16,completed
TRN-000147,PRV-0067,CAR-007,2026-01-01,,not_required
TRN-000148,PRV-0067,CAR-003,2026-06-11,,pending
TRN-000149,PRV-0067,CAR-009,2026-01-07,2026-01-21,completed
TRN-000150,PRV-0068,CAR-009,2025-09-27,2025-09-30,completed
TRN-000151,PRV-0068,CAR-005,2026-03-11,,pending
TRN-000152,PRV-0068,CAR-010,2026-03-21,,pending
TRN-000153,PRV-0068,CAR-004,2026-03-04,,pending
TRN-000154,PRV-0069,CAR-001,2026-04-23,,not_required
TRN-000155,PRV-0069,CAR-010,2026-03-06,2026-03-23,completed
TRN-000156,PRV-0069,CAR-007,2026-07-31,2026-08-19,completed
TRN-000157,PRV-0070,CAR-005,2026-02-01,2026-02-10,completed
TRN-000158,PRV-0070,CAR-003,2026-05-03,,pending
TRN-000159,PRV-0070,CAR-009,2026-01-24,2026-02-03,completed
TRN-000160,PRV-0070,CAR-002,2025-12-01,,pending
TRN-000161,PRV-0071,CAR-009,2026-04-27,2026-05-18,completed
TRN-000162,PRV-0071,CAR-003,2026-06-12,2026-06-21,completed
TRN-000163,PRV-0071,CAR-002,2026-06-04,,pending
TRN-000164,PRV-0071,CAR-008,2026-01-13,,pending
TRN-000165,PRV-0072,CAR-006,2026-02-15,,pending
TRN-000166,PRV-0072,CAR-005,2026-04-05,2026-04-18,completed
TRN-000167,PRV-0073,CAR-005,2025-11-13,2025-12-06,completed
TRN-000168,PRV-0073,CAR-002,2026-04-15,,pending
TRN-000169,PRV-0073,CAR-009,2026-05-05,,pending
TRN-000170,PRV-0074,CAR-009,2026-06-01,2026-06-09,completed
TRN-000171,PRV-0075,CAR-007,2025-09-13,2025-09-21,completed
TRN-000172,PRV-0076,CAR-010,2026-08-14,,pending
TRN-000173,PRV-0076,CAR-005,2026-02-08,2026-02-17,completed
TRN-000174,PRV-0076,CAR-003,2026-01-10,,pending
TRN-000175,PRV-0077,CAR-009,2026-02-18,2026-03-15,completed
TRN-000176,PRV-0077,CAR-001,2026-07-19,2026-07-23,completed
TRN-000177,PRV-0077,CAR-007,2026-04-27,,pending
TRN-000178,PRV-0077,CAR-004,2026-03-03,,not_required
TRN-000179,PRV-0078,CAR-002,2026-06-02,,pending
TRN-000180,PRV-0078,CAR-003,2025-12-26,2026-01-02,completed
TRN-000181,PRV-0079,CAR-002,2026-07-10,,pending
TRN-000182,PRV-0079,CAR-003,2026-03-01,2026-03-14,completed
TRN-000183,PRV-0079,CAR-004,2026-04-07,2026-04-27,completed
TRN-000184,PRV-0080,CAR-001,2025-09-17,2025-10-11,completed
TRN-000185,PRV-0080,CAR-004,2026-05-25,,pending
TRN-000186,PRV-0080,CAR-008,2026-04-14,2026-04-16,completed
TRN-000187,PRV-0080,CAR-002,2025-12-24,,not_required
TRN-000188,PRV-0081,CAR-003,2026-04-10,,not_required
TRN-000189,PRV-0081,CAR-001,2025-09-02,2025-09-22,completed
TRN-000190,PRV-0082,CAR-009,2026-08-12,,pending
TRN-000191,PRV-0082,CAR-001,2026-04-21,2026-04-22,completed
TRN-000192,PRV-0082,CAR-002,2026-01-10,2026-01-26,completed
TRN-000193,PRV-0082,CAR-010,2026-05-19,,pending
TRN-000194,PRV-0083,CAR-002,2026-08-05,,pending
TRN-000195,PRV-0083,CAR-008,2026-01-21,,pending
TRN-000196,PRV-0084,CAR-009,2025-08-20,,pending
TRN-000197,PRV-0084,CAR-007,2025-11-19,,pending
TRN-000198,PRV-0084,CAR-001,2026-02-19,,pending
TRN-000199,PRV-0084,CAR-010,2026-02-22,,pending
TRN-000200,PRV-0085,CAR-006,2026-03-17,,pending
TRN-000201,PRV-0085,CAR-001,2026-03-15,2026-04-03,completed
TRN-000202,PRV-0086,CAR-008,2026-01-27,,pending
TRN-000203,PRV-0086,CAR-009,2026-01-07,,not_required
TRN-000204,PRV-0086,CAR-006,2026-05-26,,pending
TRN-000205,PRV-0087,CAR-004,2026-03-20,,not_required
TRN-000206,PRV-0088,CAR-004,2026-02-16,,pending
TRN-000207,PRV-0088,CAR-006,2025-12-21,2025-12-27,completed
TRN-000208,PRV-0088,CAR-003,2025-08-25,,pending
TRN-000209,PRV-0089,CAR-009,2025-09-24,,pending
TRN-000210,PRV-0089,CAR-001,2026-01-16,,pending
TRN-000211,PRV-0089,CAR-008,2026-08-03,2026-08-11,completed
TRN-000212,PRV-0089,CAR-002,2025-09-28,2025-10-12,completed
TRN-000213,PRV-0090,CAR-007,2026-07-27,2026-08-19,completed
TRN-000214,PRV-0091,CAR-010,2025-10-07,2025-10-12,completed
TRN-000215,PRV-0092,CAR-004,2025-12-09,2025-12-25,completed
TRN-000216,PRV-0092,CAR-007,2026-01-30,,pending
TRN-000217,PRV-0093,CAR-008,2025-10-31,,pending
TRN-000218,PRV-0093,CAR-006,2026-02-09,2026-02-23,completed
TRN-000219,PRV-0094,CAR-001,2026-02-07,2026-02-17,completed
TRN-000220,PRV-0095,CAR-009,2026-01-24,2026-02-05,completed
TRN-000221,PRV-0096,CAR-009,2026-04-29,,pending
TRN-000222,PRV-0096,CAR-001,2025-12-11,,pending
TRN-000223,PRV-0096,CAR-010,2025-12-04,2025-12-29,completed
TRN-000224,PRV-0096,CAR-002,2026-06-09,2026-06-22,completed
TRN-000225,PRV-0097,CAR-003,2025-09-28,2025-09-30,completed
TRN-000226,PRV-0097,CAR-002,2026-06-23,,pending
TRN-000227,PRV-0098,CAR-010,2026-04-11,2026-04-24,completed
TRN-000228,PRV-0098,CAR-007,2026-04-21,,pending
TRN-000229,PRV-0098,CAR-006,2025-10-16,2025-10-31,completed
TRN-000230,PRV-0098,CAR-009,2026-08-12,,pending
TRN-000231,PRV-0099,CAR-002,2025-11-14,2025-11-26,completed
TRN-000232,PRV-0099,CAR-007,2025-10-19,,pending
TRN-000233,PRV-0099,CAR-010,2025-10-14,,not_required
TRN-000234,PRV-0100,CAR-002,2026-03-09,2026-03-13,completed
TRN-000235,PRV-0100,CAR-006,2026-08-02,,pending
TRN-000236,PRV-0101,CAR-003,2025-11-09,2025-11-10,completed
TRN-000237,PRV-0101,CAR-007,2026-01-12,2026-01-24,completed
TRN-000238,PRV-0101,CAR-002,2025-10-23,2025-11-13,completed
TRN-000239,PRV-0102,CAR-003,2026-04-08,,pending
TRN-000240,PRV-0102,CAR-005,2026-01-22,,pending
TRN-000241,PRV-0102,CAR-004,2025-08-27,,pending
TRN-000242,PRV-0103,CAR-010,2026-03-29,2026-04-08,completed
TRN-000243,PRV-0103,CAR-003,2025-10-28,2025-11-05,completed
TRN-000244,PRV-0104,CAR-001,2026-03-21,2026-03-25,completed
TRN-000245,PRV-0105,CAR-010,2026-01-06,,pending
TRN-000246,PRV-0105,CAR-002,2026-05-01,2026-05-05,completed
TRN-000247,PRV-0105,CAR-001,2025-10-31,2025-11-03,completed
TRN-000248,PRV-0105,CAR-003,2026-05-19,2026-06-12,completed
TRN-000249,PRV-0106,CAR-009,2026-06-08,2026-06-16,completed
TRN-000250,PRV-0106,CAR-007,2025-09-08,2025-09-28,completed
TRN-000251,PRV-0106,CAR-005,2025-09-23,,pending
TRN-000252,PRV-0107,CAR-005,2026-07-02,2026-07-03,completed
TRN-000253,PRV-0107,CAR-009,2025-10-24,2025-10-28,completed
TRN-000254,PRV-0108,CAR-008,2025-12-14,,pending
TRN-000255,PRV-0108,CAR-007,2026-01-31,2026-02-17,completed
TRN-000256,PRV-0108,CAR-005,2025-11-21,,pending
TRN-000257,PRV-0109,CAR-002,2026-06-28,,pending
TRN-000258,PRV-0109,CAR-006,2026-02-26,2026-03-23,completed
TRN-000259,PRV-0109,CAR-008,2026-04-07,,not_required
TRN-000260,PRV-0109,CAR-010,2026-03-23,2026-04-10,completed
TRN-000261,PRV-0110,CAR-008,2026-03-28,,not_required
TRN-000262,PRV-0111,CAR-002,2026-03-19,,pending
TRN-000263,PRV-0111,CAR-003,2025-12-22,,pending
TRN-000264,PRV-0111,CAR-004,2026-06-22,2026-06-26,completed
TRN-000265,PRV-0112,CAR-006,2026-03-30,2026-04-20,completed
TRN-000266,PRV-0112,CAR-005,2026-06-10,2026-07-02,completed
TRN-000267,PRV-0112,CAR-003,2026-05-02,,pending
TRN-000268,PRV-0113,CAR-003,2025-12-03,2025-12-13,completed
TRN-000269,PRV-0113,CAR-004,2026-03-29,2026-04-22,completed
TRN-000270,PRV-0113,CAR-007,2025-09-17,,pending
TRN-000271,PRV-0113,CAR-001,2025-10-05,2025-10-14,completed
TRN-000272,PRV-0114,CAR-008,2025-09-29,2025-10-14,completed
TRN-000273,PRV-0114,CAR-010,2025-12-06,2025-12-21,completed
TRN-000274,PRV-0114,CAR-003,2025-10-22,2025-11-08,completed
TRN-000275,PRV-0114,CAR-001,2026-04-27,2026-05-09,completed
TRN-000276,PRV-0115,CAR-005,2026-02-19,,pending
TRN-000277,PRV-0115,CAR-008,2026-01-17,2026-01-21,completed
TRN-000278,PRV-0115,CAR-004,2025-10-06,2025-10-16,completed
TRN-000279,PRV-0115,CAR-009,2026-01-04,,not_required
TRN-000280,PRV-0116,CAR-003,2025-10-23,,pending
TRN-000281,PRV-0117,CAR-002,2026-04-06,,pending
TRN-000282,PRV-0117,CAR-005,2026-04-27,,pending
TRN-000283,PRV-0117,CAR-006,2026-04-10,2026-04-16,completed
TRN-000284,PRV-0118,CAR-006,2026-08-17,,pending
TRN-000285,PRV-0118,CAR-005,2026-03-08,2026-03-25,completed
TRN-000286,PRV-0119,CAR-003,2026-02-12,2026-02-22,completed
TRN-000287,PRV-0119,CAR-008,2025-10-07,,not_required
TRN-000288,PRV-0119,CAR-010,2025-12-10,2025-12-24,completed
TRN-000289,PRV-0119,CAR-005,2026-01-29,2026-01-30,completed
TRN-000290,PRV-0120,CAR-007,2025-09-05,,not_required
TRN-000291,PRV-0120,CAR-004,2025-12-26,,pending
TRN-000292,PRV-0120,CAR-003,2025-08-20,,pending
TRN-000293,PRV-0120,CAR-009,2025-10-05,,not_required
TRN-000294,PRV-0121,CAR-009,2026-06-11,2026-07-04,completed
TRN-000295,PRV-0121,CAR-007,2026-08-04,2026-08-24,completed
TRN-000296,PRV-0122,CAR-004,2026-02-17,2026-03-06,completed
TRN-000297,PRV-0122,CAR-009,2026-02-14,,pending
TRN-000298,PRV-0123,CAR-007,2026-04-24,,pending
TRN-000299,PRV-0124,CAR-005,2026-01-16,2026-02-02,completed
TRN-000300,PRV-0125,CAR-010,2026-06-20,,pending
TRN-000301,PRV-0125,CAR-004,2026-02-11,,pending
TRN-000302,PRV-0125,CAR-003,2025-09-16,,pending
TRN-000303,PRV-0125,CAR-001,2025-08-28,2025-09-09,completed
TRN-000304,PRV-0126,CAR-009,2026-05-22,,not_required
TRN-000305,PRV-0127,CAR-008,2025-12-01,,pending
TRN-000306,PRV-0127,CAR-004,2025-11-25,,pending
TRN-000307,PRV-0128,CAR-010,2026-03-01,,not_required
TRN-000308,PRV-0128,CAR-008,2025-10-17,,pending
TRN-000309,PRV-0128,CAR-007,2026-01-31,2026-02-22,completed
TRN-000310,PRV-0129,CAR-007,2026-05-15,,pending
TRN-000311,PRV-0129,CAR-008,2026-05-24,2026-06-08,completed
TRN-000312,PRV-0129,CAR-001,2026-03-06,2026-03-17,completed
TRN-000313,PRV-0130,CAR-005,2025-09-27,,pending
TRN-000314,PRV-0130,CAR-003,2025-09-27,,pending
TRN-000315,PRV-0130,CAR-007,2026-05-27,,pending
TRN-000316,PRV-0131,CAR-009,2026-06-14,2026-06-20,completed
TRN-000317,PRV-0131,CAR-005,2025-12-29,2026-01-11,completed
TRN-000318,PRV-0132,CAR-008,2026-06-14,2026-07-07,completed
TRN-000319,PRV-0132,CAR-004,2025-09-01,2025-09-22,completed
TRN-000320,PRV-0133,CAR-008,2026-05-07,2026-05-10,completed
TRN-000321,PRV-0133,CAR-002,2026-03-04,,pending
TRN-000322,PRV-0134,CAR-008,2026-08-14,,not_required
TRN-000323,PRV-0134,CAR-007,2025-09-23,2025-09-29,completed
TRN-000324,PRV-0134,CAR-002,2026-06-16,2026-06-26,completed
TRN-000325,PRV-0135,CAR-010,2026-05-18,2026-05-28,completed
TRN-000326,PRV-0135,CAR-009,2025-12-03,2025-12-21,completed
TRN-000327,PRV-0136,CAR-010,2026-08-17,2026-08-21,completed
TRN-000328,PRV-0136,CAR-009,2026-01-28,,pending
TRN-000329,PRV-0136,CAR-004,2025-12-22,,not_required
TRN-000330,PRV-0136,CAR-001,2026-06-11,2026-06-30,completed
TRN-000331,PRV-0137,CAR-003,2026-01-24,,pending
TRN-000332,PRV-0137,CAR-001,2026-08-15,,pending
TRN-000333,PRV-0138,CAR-002,2026-05-27,,not_required
TRN-000334,PRV-0139,CAR-003,2025-11-11,2025-11-14,completed
TRN-000335,PRV-0139,CAR-007,2026-06-09,2026-06-27,completed
TRN-000336,PRV-0139,CAR-005,2026-03-20,2026-03-23,completed
TRN-000337,PRV-0140,CAR-008,2025-12-23,,not_required
TRN-000338,PRV-0140,CAR-001,2026-05-04,2026-05-11,completed
TRN-000339,PRV-0140,CAR-004,2026-04-05,2026-04-30,completed
TRN-000340,PRV-0140,CAR-007,2025-10-16,2025-10-27,completed
TRN-000341,PRV-0141,CAR-001,2025-10-06,2025-10-13,completed
TRN-000342,PRV-0142,CAR-003,2025-10-31,,pending
TRN-000343,PRV-0142,CAR-007,2025-10-31,2025-11-09,completed
TRN-000344,PRV-0143,CAR-010,2025-09-07,,pending
TRN-000345,PRV-0143,CAR-004,2025-12-23,2026-01-01,completed
TRN-000346,PRV-0143,CAR-002,2025-11-27,,pending
TRN-000347,PRV-0143,CAR-007,2026-03-02,2026-03-10,completed
TRN-000348,PRV-0144,CAR-009,2025-12-13,2026-01-01,completed
TRN-000349,PRV-0145,CAR-007,2026-05-01,,pending
TRN-000350,PRV-0146,CAR-005,2025-11-30,,pending
TRN-000351,PRV-0146,CAR-001,2025-11-22,,pending
TRN-000352,PRV-0146,CAR-003,2026-06-27,,pending
TRN-000353,PRV-0147,CAR-002,2026-08-12,2026-09-04,completed
TRN-000354,PRV-0147,CAR-004,2026-04-22,2026-05-17,completed
TRN-000355,PRV-0147,CAR-009,2025-09-20,2025-10-08,completed
TRN-000356,PRV-0148,CAR-003,2026-08-04,,pending
TRN-000357,PRV-0149,CAR-007,2026-05-31,2026-06-21,completed
TRN-000358,PRV-0150,CAR-005,2026-07-19,,not_required
TRN-000359,PRV-0151,CAR-001,2026-08-15,2026-08-28,completed
TRN-000360,PRV-0151,CAR-003,2026-06-30,,pending
TRN-000361,PRV-0151,CAR-007,2025-10-02,,pending
TRN-000362,PRV-0151,CAR-006,2026-06-29,2026-07-05,completed
TRN-000363,PRV-0152,CAR-006,2025-11-16,2025-12-10,completed
TRN-000364,PRV-0152,CAR-004,2026-05-04,,pending
TRN-000365,PRV-0152,CAR-008,2026-06-16,2026-07-01,completed
TRN-000366,PRV-0153,CAR-009,2026-05-22,,pending
TRN-000367,PRV-0154,CAR-005,2026-04-21,2026-05-03,completed
TRN-000368,PRV-0154,CAR-001,2026-02-12,,pending
TRN-000369,PRV-0154,CAR-007,2026-03-16,,pending
TRN-000370,PRV-0154,CAR-006,2025-11-23,2025-11-25,completed
TRN-000371,PRV-0155,CAR-002,2026-01-15,,pending
TRN-000372,PRV-0156,CAR-010,2026-01-29,2026-02-23,completed
TRN-000373,PRV-0156,CAR-001,2026-04-05,2026-04-17,completed
TRN-000374,PRV-0157,CAR-004,2026-07-05,2026-07-24,completed
TRN-000375,PRV-0157,CAR-001,2025-09-20,,not_required
TRN-000376,PRV-0157,CAR-005,2026-02-21,,pending
TRN-000377,PRV-0158,CAR-003,2025-11-26,,not_required
TRN-000378,PRV-0158,CAR-006,2026-07-25,2026-07-31,completed
TRN-000379,PRV-0159,CAR-003,2025-12-30,2026-01-02,completed
TRN-000380,PRV-0160,CAR-003,2026-07-30,,pending
TRN-000381,PRV-0161,CAR-006,2025-12-14,,pending
TRN-000382,PRV-0161,CAR-001,2025-08-17,,pending
TRN-000383,PRV-0161,CAR-002,2026-05-27,,not_required
TRN-000384,PRV-0162,CAR-006,2026-05-12,,pending
TRN-000385,PRV-0162,CAR-001,2026-05-11,,pending
TRN-000386,PRV-0162,CAR-004,2026-01-31,,pending
TRN-000387,PRV-0163,CAR-004,2026-04-17,2026-04-23,completed
TRN-000388,PRV-0163,CAR-010,2025-12-26,2026-01-03,completed
TRN-000389,PRV-0163,CAR-009,2025-09-09,2025-09-15,completed
TRN-000390,PRV-0164,CAR-003,2026-02-28,,pending
TRN-000391,PRV-0164,CAR-001,2025-11-04,,pending
TRN-000392,PRV-0164,CAR-009,2026-01-21,,not_required
TRN-000393,PRV-0164,CAR-010,2025-11-02,2025-11-07,completed
TRN-000394,PRV-0165,CAR-005,2025-11-23,,pending
TRN-000395,PRV-0165,CAR-002,2026-06-16,2026-07-11,completed
TRN-000396,PRV-0165,CAR-003,2025-12-18,2026-01-07,completed
TRN-000397,PRV-0166,CAR-006,2026-03-16,2026-04-01,completed
TRN-000398,PRV-0166,CAR-003,2026-03-12,2026-03-15,completed
TRN-000399,PRV-0166,CAR-001,2026-02-10,2026-02-20,completed
TRN-000400,PRV-0166,CAR-008,2025-12-20,,pending
TRN-000401,PRV-0167,CAR-003,2026-04-23,2026-05-13,completed
TRN-000402,PRV-0167,CAR-002,2025-09-03,,pending
TRN-000403,PRV-0167,CAR-001,2025-09-22,2025-09-25,completed
TRN-000404,PRV-0168,CAR-008,2026-05-30,,pending
TRN-000405,PRV-0168,CAR-006,2026-02-01,,pending
TRN-000406,PRV-0169,CAR-003,2025-10-01,2025-10-24,completed
TRN-000407,PRV-0169,CAR-007,2026-06-26,2026-07-12,completed
TRN-000408,PRV-0170,CAR-004,2026-01-25,,not_required
TRN-000409,PRV-0170,CAR-007,2025-08-17,,pending
TRN-000410,PRV-0170,CAR-003,2026-08-02,2026-08-13,completed
TRN-000411,PRV-0171,CAR-009,2025-10-30,2025-11-03,completed
TRN-000412,PRV-0171,CAR-007,2026-04-26,,pending
TRN-000413,PRV-0172,CAR-001,2025-10-04,2025-10-29,completed
TRN-000414,PRV-0172,CAR-007,2026-04-11,2026-04-12,completed
TRN-000415,PRV-0173,CAR-009,2025-10-14,2025-10-19,completed
TRN-000416,PRV-0173,CAR-005,2026-07-24,2026-07-31,completed
TRN-000417,PRV-0174,CAR-002,2025-11-25,2025-12-03,completed
TRN-000418,PRV-0174,CAR-010,2026-04-13,,pending
TRN-000419,PRV-0175,CAR-001,2025-11-16,2025-12-10,completed
TRN-000420,PRV-0175,CAR-006,2025-12-31,,pending
TRN-000421,PRV-0175,CAR-002,2026-07-13,2026-08-03,completed
TRN-000422,PRV-0176,CAR-005,2025-10-16,2025-10-18,completed
TRN-000423,PRV-0177,CAR-008,2026-01-09,2026-01-14,completed
TRN-000424,PRV-0177,CAR-010,2025-12-06,2025-12-30,completed
TRN-000425,PRV-0177,CAR-003,2026-04-29,2026-05-04,completed
TRN-000426,PRV-0177,CAR-009,2025-11-10,2025-11-13,completed
TRN-000427,PRV-0178,CAR-005,2026-04-13,,pending
TRN-000428,PRV-0178,CAR-006,2026-05-01,2026-05-05,completed
TRN-000429,PRV-0179,CAR-001,2025-08-17,,pending
TRN-000430,PRV-0179,CAR-005,2026-02-07,2026-02-09,completed
TRN-000431,PRV-0180,CAR-008,2025-10-04,,pending
TRN-000432,PRV-0180,CAR-007,2025-11-07,,pending
TRN-000433,PRV-0180,CAR-004,2026-04-22,,pending
TRN-000434,PRV-0180,CAR-002,2025-08-20,,not_required
TRN-000435,PRV-0181,CAR-006,2026-04-28,,pending
TRN-000436,PRV-0181,CAR-002,2026-06-12,2026-06-23,completed
TRN-000437,PRV-0181,CAR-010,2026-08-13,2026-08-31,completed
TRN-000438,PRV-0181,CAR-007,2026-01-18,,pending
TRN-000439,PRV-0182,CAR-005,2025-10-04,2025-10-16,completed
TRN-000440,PRV-0182,CAR-001,2025-09-11,,pending
TRN-000441,PRV-0182,CAR-006,2026-01-04,2026-01-28,completed
TRN-000442,PRV-0182,CAR-008,2026-05-11,2026-06-05,completed
TRN-000443,PRV-0183,CAR-007,2025-09-23,2025-09-29,completed
TRN-000444,PRV-0183,CAR-008,2025-12-09,2025-12-26,completed
TRN-000445,PRV-0183,CAR-003,2026-07-05,2026-07-21,completed
TRN-000446,PRV-0184,CAR-010,2025-10-06,2025-10-13,completed
TRN-000447,PRV-0184,CAR-003,2026-05-27,,pending
TRN-000448,PRV-0185,CAR-006,2026-05-19,2026-05-25,completed
TRN-000449,PRV-0185,CAR-002,2025-10-04,2025-10-16,completed
TRN-000450,PRV-0185,CAR-007,2026-08-15,2026-08-19,completed
TRN-000451,PRV-0186,CAR-006,2025-10-08,2025-10-18,completed
TRN-000452,PRV-0186,CAR-007,2026-02-27,2026-03-17,completed
TRN-000453,PRV-0187,CAR-004,2025-08-20,2025-08-26,completed
TRN-000454,PRV-0187,CAR-005,2026-04-11,,pending
TRN-000455,PRV-0187,CAR-003,2026-01-25,2026-02-03,completed
TRN-000456,PRV-0187,CAR-006,2026-05-08,2026-05-27,completed
TRN-000457,PRV-0188,CAR-010,2026-04-03,,pending
TRN-000458,PRV-0188,CAR-001,2025-10-11,,pending
TRN-000459,PRV-0189,CAR-007,2026-01-14,2026-01-27,completed
TRN-000460,PRV-0189,CAR-003,2026-04-25,2026-05-06,completed
TRN-000461,PRV-0189,CAR-008,2026-06-27,,pending
TRN-000462,PRV-0189,CAR-001,2025-09-17,2025-10-06,completed
TRN-000463,PRV-0190,CAR-007,2025-09-22,2025-10-02,completed
TRN-000464,PRV-0190,CAR-004,2026-05-19,,pending
TRN-000465,PRV-0190,CAR-003,2026-03-20,2026-03-28,completed
TRN-000466,PRV-0191,CAR-001,2026-01-04,,pending
TRN-000467,PRV-0192,CAR-010,2026-08-04,2026-08-16,completed
TRN-000468,PRV-0193,CAR-009,2025-12-10,2025-12-20,completed
TRN-000469,PRV-0193,CAR-003,2025-10-07,,pending
TRN-000470,PRV-0194,CAR-002,2025-11-26,,not_required
TRN-000471,PRV-0195,CAR-007,2025-09-16,,pending
TRN-000472,PRV-0195,CAR-001,2026-03-07,2026-03-08,completed
TRN-000473,PRV-0196,CAR-008,2026-03-24,,pending
TRN-000474,PRV-0196,CAR-010,2026-03-27,2026-04-05,completed
TRN-000475,PRV-0197,CAR-002,2026-05-29,,not_required
TRN-000476,PRV-0197,CAR-007,2026-04-26,,pending
TRN-000477,PRV-0197,CAR-001,2026-06-23,2026-06-30,completed
TRN-000478,PRV-0197,CAR-004,2026-04-14,,pending
TRN-000479,PRV-0198,CAR-001,2025-12-05,2025-12-11,completed
TRN-000480,PRV-0198,CAR-010,2026-02-22,2026-03-08,completed
TRN-000481,PRV-0198,CAR-006,2026-02-19,2026-03-05,completed
TRN-000482,PRV-0199,CAR-004,2026-05-17,2026-05-24,completed
TRN-000483,PRV-0199,CAR-002,2025-12-03,,pending
TRN-000484,PRV-0200,CAR-001,2025-09-05,,pending
TRN-000485,PRV-DUP-01,CAR-005,2026-07-11,2026-07-18,completed
TRN-000486,PRV-DUP-01,CAR-002,2026-08-01,,pending
TRN-000487,PRV-DUP-01,CAR-007,2026-02-14,2026-02-23,completed
TRN-000488,PRV-DUP-02,CAR-002,2025-09-27,2025-10-13,completed
TRN-000489,PRV-DUP-02,CAR-004,2026-02-15,,pending
TRN-000490,PRV-DUP-02,CAR-008,2026-03-22,2026-04-03,completed
TRN-000491,PRV-DUP-03,CAR-007,2026-02-26,,pending
TRN-000492,PRV-DUP-03,CAR-001,2026-08-09,,pending
TRN-000493,PRV-DUP-03,CAR-010,2026-08-13,,pending
TRN-000494,PRV-DUP-03,CAR-008,2026-07-24,2026-07-26,completed
TRN-000495,PRV-DUP-04,CAR-007,2025-10-04,2025-10-15,completed
TRN-000496,PRV-DUP-04,CAR-002,2026-06-28,2026-07-16,completed
TRN-000497,PRV-DUP-04,CAR-008,2026-03-13,2026-03-16,completed
TRN-000498,PRV-DUP-05,CAR-010,2025-12-28,,pending
TRN-000499,PRV-DUP-05,CAR-004,2026-04-23,2026-04-29,completed
TRN-000500,PRV-DUP-05,CAR-003,2026-05-23,2026-05-31,completed
TRN-000501,PRV-DUP-05,CAR-008,2026-08-01,2026-08-10,completed
TRN-000502,PRV-DUP-06,CAR-002,2026-05-25,2026-06-06,completed
TRN-000503,PRV-DUP-06,CAR-008,2025-08-23,2025-09-03,completed
TRN-000504,PRV-DUP-06,CAR-003,2025-09-10,,pending
TRN-000505,PRV-DUP-07,CAR-010,2025-11-20,,pending
TRN-000506,PRV-DUP-07,CAR-005,2025-08-31,2025-09-12,completed
TRN-000507,PRV-DUP-07,CAR-008,2025-09-08,,pending
TRN-000508,PRV-DUP-07,CAR-009,2026-06-01,,pending
TRN-000509,PRV-DUP-08,CAR-004,2026-02-18,2026-03-09,completed
TRN-000510,PRV-DUP-08,CAR-007,2026-04-04,2026-04-27,completed
TRN-000511,PRV-DUP-08,CAR-003,2026-02-16,2026-02-23,completed
